{
    "port": 64068,
    "serverID": 0,
    "envMode":"api.kesehatan.app",
    "dbKlinik": {
        "api.kesehatan.app" : {
            "username" : "postgres",
            "password" : "superadminVPN*9ss",
            "hostport" : "localhost:9989",
            "dbName"   : "JALURKlinik"
        }
    },
    "dbAntrian": {
        "api.kesehatan.app" : {
            "username" : "postgres",
            "password" : "superadminVPN*9ss",
            "hostport" : "localhost:9989",
            "dbName"   : "JALURAntrian"
        }
    },
    "dbApotek": {
        "api.kesehatan.app" : {
            "username" : "postgres",
            "password" : "superadminVPN*9ss",
            "hostport" : "localhost:9989",
            "dbName"   : "JALURApotek"
        }
    },
    "dbKoperasi": {
        "api.kesehatan.app" : {
            "username" : "postgres",
            "password" : "superadminVPN*9ss",
            "hostport" : "localhost:9989",
            "dbName"   : "JALURKoperasi"
        }
    },
    "dbPemkabSAAPI": {
        "api.kesehatan.app" : {
            "username" : "postgres",
            "password" : "superadminVPN*9ss",
            "hostport" : "localhost:9989",
            "dbName"   : "tangkabSAAPI"
        }
    },
    "dbPayment": {
        "api.kesehatan.app" : {
            "username" : "postgres",
            "password" : "superadminVPN*9ss",
            "hostport" : "localhost:9989",
            "dbName"   : "JALURPay"
        }
    }
}
