{
    "port": 64068,
    "serverID": 0,
    "envMode":"localhost",
    "dbKlinik": {
        "localhost" : {
            "username" : "postgres",
            "password" : "superadminVPN*9ss",
            "hostport" : "192.168.99.1:9989",
            "dbName"   : "JALURKlinik"
        }
    },
    "dbApotek": {
        "localhost" : {
            "username" : "postgres",
            "password" : "admins",
            "hostport" : "localhost:5432",
            "dbName"   : "apotekTest"
        }
    }
}
